Drug Name,Cell Line Name,Tissue,Cancer Type,COSMIC ID,IC Results ID,IC 50,IC 50 Low,IC 50 High,Beta,Timestamp
Cisplatin,IST-SL2,lung_small_cell_carcinoma,lung,753565,1266123,3.406628,2.58698,5.635857,1.186408,15-Oct-12
Cisplatin,J82,Bladder,urogenital_system,753566,771352,1.691888,1.145423,2.493421,1.160467,13-May-10
Cisplatin,KNS-62,lung_NSCLC_squamous_cell_carcinoma,lung,753569,1089422,2.641739,2.050417,3.651831,0.788732,12-Apr-12
Cisplatin,KOSC-2,head_and_neck,aero_digestive_tract,753570,771360,1.066489,0.388933,1.69795,0.997155,5-Jul-10
Cisplatin,KP-4,pancreas,pancreas,753572,771364,2.463837,1.537818,4.373903,0.97593,10-May-10
Cisplatin,KYSE-140,oesophagus,aero_digestive_tract,753573,1227383,0.990912,0.629342,1.404615,0.863932,5-Jul-12
Cisplatin,KYSE-410,oesophagus,aero_digestive_tract,753574,1227385,3.556899,2.567017,5.812022,0.728537,5-Jul-12
Cisplatin,KYSE-520,oesophagus,aero_digestive_tract,753575,771373,3.081463,2.153967,5.184361,1.004416,1-Jul-10
Cisplatin,KYSE-70,oesophagus,aero_digestive_tract,753576,771374,3.885415,2.492192,7.485897,0.978659,1-Jul-10
Cisplatin,LB1047-RCC,kidney,kidney,753577,1089423,1.773616,1.402604,2.619108,1.159373,30-Apr-12
Cisplatin,LB2241-RCC,kidney,kidney,753578,771266,2.428654,1.715302,4.195262,1.074418,28-Jun-10
Cisplatin,LB2518-MEL,melanoma,skin,753579,804468,6.280205,3.615472,10.562385,1.044727,4-Apr-11
Cisplatin,LB373-MEL-D,melanoma,skin,753581,1227342,4.48501,2.868599,7.085262,0.396754,26-Jul-12
Cisplatin,LB771-HNC,head_and_neck,aero_digestive_tract,753583,804469,4.497595,2.566912,8.447012,0.409562,30-Sep-10
Cisplatin,LB831-BLC,Bladder,urogenital_system,753584,804470,5.41682,3.206613,9.22962,1.016272,22-Nov-10
Cisplatin,LCLC-103H,lung_NSCLC_large_cell,lung,753586,771378,4.719679,2.59194,8.930552,1.013229,20-May-10
Cisplatin,LU-134-A,lung_small_cell_carcinoma,lung,753588,1265143,4.750185,2.208748,9.162403,1.084332,9-Oct-12
Cisplatin,LU-165,lung_small_cell_carcinoma,lung,753589,1266235,6.487142,3.943372,10.623389,1.011427,15-Oct-12
Cisplatin,LXF-289,lung_NSCLC_adenocarcinoma,lung,753592,1227343,3.161664,2.424098,4.519059,0.72719,5-Jul-12
Cisplatin,MS-1,lung_small_cell_carcinoma,lung,753594,1263547,6.547701,3.942694,10.946312,0.998363,8-Oct-12
Cisplatin,MZ1-PC,pancreas,pancreas,753595,804477,3.398585,2.177077,6.09821,0.898693,1-Nov-10
Cisplatin,MZ7-mel,melanoma,skin,753596,771269,6.152805,3.400943,10.761992,1.008628,21-Jun-10
Cisplatin,NCI-H1304,lung_small_cell_carcinoma,lung,753599,1259375,4.795082,2.946823,8.69268,1.027757,28-Sep-12
Cisplatin,NCI-H1563,lung_NSCLC_adenocarcinoma,lung,753600,1089508,4.98031,3.146838,8.190422,0.462105,23-Feb-12
Cisplatin,NCI-H292,lung_NSCLC_adenocarcinoma,lung,753604,804548,5.89784,3.413693,10.162421,0.946847,22-Nov-10
Cisplatin,NCI-H510A,lung_small_cell_carcinoma,lung,753605,1308569,3.250877,2.529681,4.545823,0.851194,26-Oct-12
Cisplatin,PC-14,lung_NSCLC_adenocarcinoma,lung,753608,804700,1.744455,1.472872,2.066484,1.305807,30-Sep-10
Cisplatin,SK-MM-2,Myeloma,blood,753612,1332272,5.976815,3.633032,10.11834,1.042044,1-Feb-13
Cisplatin,TE-15,oesophagus,aero_digestive_tract,753614,1259123,3.991877,2.455626,8.463759,1.166341,28-Sep-12
Cisplatin,U-266,Myeloma,blood,753615,804402,5.033941,2.927574,9.260411,0.982015,25-Oct-10
Cisplatin,SIMA,neuroblastoma,nervous_system,753620,1227313,2.315263,1.896331,3.938621,1.400406,6-Aug-12
Cisplatin,TE-1,oesophagus,aero_digestive_tract,753621,804502,3.650941,2.651971,5.802767,0.847813,25-Oct-10
Cisplatin,TE-10,oesophagus,aero_digestive_tract,753622,804503,5.059864,2.994247,9.335657,1.040652,1-Nov-10
Cisplatin,TE-8,oesophagus,aero_digestive_tract,753623,804507,2.805138,1.73991,6.085947,1.154409,4-Oct-10
Cisplatin,CAPAN-1,pancreas,pancreas,753624,1227337,1.763765,1.489774,2.093534,1.128165,9-Jul-12
Cisplatin,OVCAR-3,ovary,urogenital_system,905933,771429,2.968321,1.772367,5.998338,0.912616,21-Jun-10
Cisplatin,PC-3,prostate,urogenital_system,905934,771444,3.905181,2.087422,8.077394,0.917192,27-May-10
Cisplatin,DU-145,prostate,urogenital_system,905935,787645,2.408486,1.802615,3.563194,1.090517,10-Jun-10
Cisplatin,HCT-116,large_intestine,digestive_system,905936,804559,4.774178,2.243052,9.910953,1.153779,18-Oct-10
Cisplatin,HCT-15,large_intestine,digestive_system,905937,1313997,5.058187,2.285801,9.477713,1.097,7-Jan-13
Cisplatin,HL-60,acute_myeloid_leukaemia,blood,905938,1254475,2.388306,1.643864,4.415368,1.334682,3-Sep-12
Cisplatin,HT-29,large_intestine,digestive_system,905939,1227379,4.570014,3.226575,7.209504,1.001801,5-Jul-12
Cisplatin,K-562,chronic_myeloid_leukaemia,blood,905940,1258171,4.193559,2.349701,7.820394,1.032523,21-Sep-12
Cisplatin,NCI-H226,lung_NSCLC_squamous_cell_carcinoma,lung,905941,804667,3.725984,2.762274,5.60203,1.012886,30-Sep-10
Cisplatin,NCI-H23,lung_NSCLC_adenocarcinoma,lung,905942,771420,1.527082,1.211855,1.904421,1.352274,21-Jun-10
Cisplatin,NCI-H460,lung_NSCLC_large_cell,lung,905943,1314277,2.12435,1.680739,3.060694,1.10952,7-Jan-13
Cisplatin,T47D,breast,breast,905945,771225,5.470363,3.318106,9.551556,0.912569,12-Jul-10
Cisplatin,MCF7,breast,breast,905946,804632,4.036734,2.431055,7.802303,1.008742,1-Nov-10
Cisplatin,786-0,kidney,kidney,905947,771305,1.496287,0.715875,2.88089,1.04601,14-Jun-10
Cisplatin,A498,kidney,kidney,905948,787591,2.974722,2.145606,4.900206,0.948482,26-Jul-10
Cisplatin,A549,lung_NSCLC_adenocarcinoma,lung,905949,1227376,3.631747,1.584872,8.334467,1.049196,25-Jun-12
Cisplatin,ACHN,kidney,kidney,905950,771350,2.085441,1.55476,2.955663,0.987907,10-May-10
Cisplatin,BT-549,breast,breast,905951,1314221,4.791074,2.367411,9.103549,0.993632,7-Jan-13
Cisplatin,CCRF-CEM,lymphoblastic_leukemia,blood,905952,1254139,1.759891,1.275279,3.072185,1.217952,3-Sep-12
Cisplatin,SK-MEL-28,melanoma,skin,905954,771210,3.100468,2.148972,4.932176,0.914256,13-May-10
Cisplatin,SK-MEL-2,melanoma,skin,905955,1227314,2.667694,2.144251,3.513246,0.694312,9-Jul-12
Cisplatin,COLO-320-HSR,large_intestine,digestive_system,910569,1258339,3.334749,2.606393,5.394184,1.179715,21-Sep-12
Cisplatin,ATN-1,lymphoblastic_T_cell_leukaemia,blood,910687,1329528,3.693115,1.038839,8.298372,0.956092,30-Nov-12
Cisplatin,CESS,acute_myeloid_leukaemia,blood,910688,1330984,4.334653,2.571801,8.638013,1.025515,17-Dec-12
Cisplatin,COLO-678,large_intestine,digestive_system,910689,804515,6.210452,3.550411,10.85892,1.023559,18-Oct-10
Cisplatin,COLO-684,endometrium,urogenital_system,910691,1257331,4.599792,3.038045,8.176823,1.016613,21-Sep-12
Cisplatin,COLO-668,lung_small_cell_carcinoma,lung,910692,804428,4.633801,2.958954,7.907417,0.921005,4-Oct-10
Cisplatin,LN-405,glioma,nervous_system,910694,787691,4.128235,2.610353,8.704495,1.057255,19-Jul-10
Cisplatin,TGBC24TKB,biliary_tract,digestive_system,910695,771290,3.683912,2.099512,7.074378,0.87614,14-Jun-10
Cisplatin,TI-73,osteosarcoma,bone,910696,804510,2.143055,1.757193,2.679942,1.044188,1-Nov-10
Cisplatin,A388,skin_other,skin,910697,1227328,2.833453,2.30536,3.667308,0.759236,9-Jul-12
Cisplatin,BFTC-909,kidney,kidney,910698,771403,2.701555,1.688042,4.60439,0.896013,20-May-10
Cisplatin,C2BBe1,large_intestine,digestive_system,910700,771447,4.574444,2.216547,9.184393,0.952035,14-Jun-10
Cisplatin,SCC-25,head_and_neck,aero_digestive_tract,910701,787564,4.167463,2.820554,7.210235,1.019392,19-Jul-10
Cisplatin,AsPC-1,pancreas,pancreas,910702,787684,3.042285,2.172657,5.236941,1.058853,7-Jun-10
Cisplatin,CA46,Burkitt_lymphoma,blood,910703,1331684,5.768414,3.406045,10.106166,0.986908,22-Jan-13
Cisplatin,AU565,breast,breast,910704,1227387,2.236356,1.724049,2.982322,0.850867,5-Jul-12
Cisplatin,BALL-1,B_cell_leukemia,blood,910705,1262679,5.3821,2.906668,9.662869,0.945392,8-Oct-12
Cisplatin,BL-41,Burkitt_lymphoma,blood,910706,1259207,4.446714,2.00593,9.620085,1.13892,28-Sep-12
Cisplatin,BV-173,chronic_myeloid_leukaemia,blood,910710,1256099,1.909774,1.32633,2.899035,0.889552,31-Aug-12
Cisplatin,IA-LM,lung_NSCLC_large_cell,lung,910779,1089421,3.141984,2.460641,4.46039,0.774927,14-May-12
Cisplatin,TGW,neuroblastoma,nervous_system,910780,1257415,2.643619,2.290804,3.232527,1.089126,21-Sep-12
Cisplatin,AN3-CA,endometrium,urogenital_system,910781,787678,2.296739,1.625259,3.473804,0.918846,3-Jun-10
Cisplatin,A204,rhabdomyosarcoma,soft_tissue,910784,787655,4.165864,1.929085,9.380523,1.076361,7-Jun-10
Cisplatin,NY,osteosarcoma,bone,910849,804687,2.112831,1.607493,2.84158,0.952802,18-Mar-11
Cisplatin,C3A,liver,digestive_system,910850,804357,6.009408,3.622659,10.055149,1.020088,22-Nov-10
Cisplatin,A427,lung_NSCLC_not_specified,lung,910851,1089472,5.858937,2.593743,10.081673,1.012026,23-Feb-12
Cisplatin,CAL-85-1,breast,breast,910852,804412,4.468547,2.81132,7.764798,0.962644,1-Nov-10
Cisplatin,CHL-1,melanoma,skin,910853,804498,2.006247,1.60827,2.900767,1.025993,4-Apr-11
Cisplatin,RL,B_cell_lymphoma,blood,910861,1330312,6.977647,4.242676,10.959083,1.054069,7-Dec-12
Cisplatin,NCI-H1651,lung_NSCLC_adenocarcinoma,lung,910900,804657,1.954771,1.543007,2.646229,1.126439,4-Oct-10
Cisplatin,RPMI-7951,melanoma,skin,910903,771203,1.402029,1.108511,1.706567,1.257535,12-Jul-10
Cisplatin,SCC-4,head_and_neck,aero_digestive_tract,910904,804368,3.434336,2.415153,5.621947,0.863748,1-Nov-10
Cisplatin,SNU-C1,large_intestine,digestive_system,910905,1330816,7.136644,4.284615,11.580314,1.043777,17-Dec-12
Cisplatin,ST486,Burkitt_lymphoma,blood,910906,1263127,7.009753,4.273898,11.405822,1.075394,8-Oct-12
Cisplatin,SW1990,pancreas,pancreas,910907,787572,2.273121,1.524182,3.328189,0.725981,10-Jun-10
Cisplatin,SCC-15,head_and_neck,aero_digestive_tract,910911,771207,3.365135,2.239537,5.833448,0.969507,21-Jun-10
Cisplatin,Capan-2,pancreas,pancreas,910915,804433,5.493741,3.162513,9.826474,0.982455,6-Dec-10
Cisplatin,CAL-27,head_and_neck,aero_digestive_tract,910916,1227318,1.765846,1.490094,2.042993,1.198568,25-Jun-12
Cisplatin,BC-1,B_cell_lymphoma,blood,910919,1331712,4.389975,3.0016,7.311294,0.827292,22-Jan-13
Cisplatin,A704,kidney,kidney,910920,1089410,4.748612,3.284353,7.569514,1.032796,16-Apr-12
Cisplatin,A101D,melanoma,skin,910921,1227326,1.322891,0.6938,2.418917,1.044939,25-Jun-12
Cisplatin,769-P,kidney,kidney,910922,771302,2.782219,1.737996,4.814837,0.825745,20-May-10
Cisplatin,23132-87,stomach,digestive_system,910924,1227302,5.586716,3.377153,9.745836,0.926381,19-Jul-12
Cisplatin,A431,skin_other,skin,910925,804569,4.664505,2.850405,8.707881,0.991134,4-Apr-11
Cisplatin,BFTC-905,Bladder,urogenital_system,910926,771402,0.946035,0.65302,1.209473,1.351023,8-Jul-10
Cisplatin,CAL-51,breast,breast,910927,804396,1.89202,1.562213,2.415592,1.388501,1-Nov-10
Cisplatin,RERF-LC-MS,lung_NSCLC_adenocarcinoma,lung,910931,804360,6.034547,2.533536,10.657962,1.060291,30-Sep-10
Cisplatin,GAK,melanoma,skin,910932,950614,6.193524,3.587066,10.159714,1.028434,14-Apr-11
Cisplatin,AM-38,glioma,nervous_system,910933,787593,5.413927,2.330144,10.066196,1.02025,9-Aug-10
Cisplatin,A4-Fuk,B_cell_lymphoma,blood,910934,1308401,2.148034,1.596998,4.089995,1.442827,26-Oct-12
Cisplatin,A3-KAW,B_cell_lymphoma,blood,910935,1309773,5.583735,2.110835,10.249772,1.088025,2-Nov-12
Cisplatin,DOK,head_and_neck,aero_digestive_tract,910936,1227358,3.213778,2.344241,5.055814,0.922833,25-Jun-12
Cisplatin,COR-L279,lung_small_cell_carcinoma,lung,910937,1331404,1.429758,1.186546,1.681225,1.368058,18-Jan-13
Cisplatin,NEC8,testis,urogenital_system,910942,1089522,0.924604,0.481823,1.287013,1.223718,3-Apr-12
Cisplatin,CAS-1,glioma,nervous_system,910943,804427,4.882573,3.310018,7.833045,0.842277,6-Dec-10
Cisplatin,RL95-2,endometrium,urogenital_system,930082,804495,3.038998,2.304373,4.453635,0.953331,2-Aug-10
Cisplatin,RO82-W-1,thyroid,thyroid,930083,787560,4.277679,2.392182,8.773809,1.036807,2-Sep-10
Cisplatin,SiHa,cervix,urogenital_system,930297,1089379,2.83526,2.132684,4.296035,0.867841,14-May-12
Cisplatin,SKG-IIIa,cervix,urogenital_system,930298,1089381,1.952829,1.55826,2.453667,0.849937,14-May-12
Cisplatin,TT,thyroid,thyroid,930299,1227323,4.410698,2.881427,7.394128,0.616462,16-Jul-12
Cisplatin,TE-9,oesophagus,aero_digestive_tract,946353,804508,2.731467,2.215833,3.99431,1.211694,30-Sep-10
Cisplatin,TE-11,oesophagus,aero_digestive_tract,946354,771288,3.330281,2.542196,4.989602,1.106498,8-Jul-10
Cisplatin,TE-6,oesophagus,aero_digestive_tract,946355,804506,4.047762,2.670897,7.453757,1.038105,16-Dec-10
Cisplatin,TE-12,oesophagus,aero_digestive_tract,946356,1263435,2.167806,1.880763,3.21634,1.115357,8-Oct-12
Cisplatin,TC-YIK,cervix,urogenital_system,946357,1331236,2.091053,1.64109,3.144875,1.100642,18-Dec-12
Cisplatin,YT,lymphoid_neoplasm_other,blood,946358,1257779,6.127695,3.604145,10.647447,1.06671,21-Sep-12
Cisplatin,BT-474,breast,breast,946359,804683,7.003823,4.125808,11.416663,1.049665,18-Oct-10
Cisplatin,OAW-28,ovary,urogenital_system,946360,771430,3.132171,1.426779,7.479185,1.00634,17-Jun-10
Cisplatin,LCLC-97TM1,lung_NSCLC_large_cell,lung,946361,950633,2.986232,2.256573,5.33547,1.027512,9-May-11
Cisplatin,KP-N-YS,neuroblastoma,nervous_system,946363,787612,6.69778,3.696422,11.452934,1.012255,26-Jul-10
Cisplatin,D-247MG,glioma,nervous_system,946367,787597,2.383755,1.939956,3.097367,0.896488,2-Aug-10
Cisplatin,D-263MG,glioma,nervous_system,946368,787598,1.896217,1.647857,2.208641,1.245201,6-Sep-10
Cisplatin,D-336MG,glioma,nervous_system,946369,785870,3.524386,2.265806,6.425133,0.997992,19-Apr-10
Cisplatin,D-392MG,glioma,nervous_system,946370,804432,2.477201,2.059634,3.232495,1.118646,20-Sep-10
Cisplatin,D-423MG,glioma,nervous_system,946372,950612,2.634941,2.185737,3.66584,0.993119,9-May-11
Cisplatin,D-502MG,glioma,nervous_system,946373,787599,3.499931,2.664128,5.186814,0.932566,19-Jul-10
Cisplatin,D-566MG,glioma,nervous_system,946377,1089411,1.24602,1.066877,1.415947,1.264799,23-Feb-12
Cisplatin,ALL-PO,lymphoblastic_leukemia,blood,910944,1254027,3.143439,2.069893,5.18327,0.674345,3-Sep-12
Cisplatin,S-117,thyroid,thyroid,910946,1227310,2.103374,1.427412,3.092331,0.808964,30-Jul-12
Cisplatin,OCI-AML2,acute_myeloid_leukaemia,blood,910947,1330144,0.99477,0.801892,1.197127,1.580219,7-Dec-12
Cisplatin,MFM-223,breast,breast,910948,1227397,4.399314,2.914878,7.485723,0.828276,5-Jul-12
Cisplatin,CAL-54,kidney,kidney,910952,771228,2.500646,1.705454,4.163587,1.016775,20-May-10
Cisplatin,EFO-21,ovary,urogenital_system,911905,804529,5.672185,3.213291,10.399831,0.997939,4-Oct-10
Cisplatin,LS-1034,large_intestine,digestive_system,917486,804473,5.360632,3.222985,9.862513,0.943873,18-Oct-10
Cisplatin,22RV1,prostate,urogenital_system,924100,771427,3.230471,2.305688,5.739231,1.102087,12-Jul-10
Cisplatin,8505C,thyroid,thyroid,924102,1227361,2.590215,2.087831,3.429719,0.738823,9-Jul-12
Cisplatin,BCPAP,thyroid,thyroid,924104,771389,5.43045,2.828274,10.072683,0.911547,10-May-10
Cisplatin,BPH-1,prostate,urogenital_system,924105,771425,2.779461,1.786947,4.979396,0.989652,27-May-10
Cisplatin,CAL-39,cervix,urogenital_system,924107,787577,5.659098,2.389623,10.776105,1.096122,6-Sep-10
Cisplatin,CaR-1,large_intestine,digestive_system,924108,950613,6.62663,4.013428,10.642183,1.068515,14-Apr-11
Cisplatin,EFE-184,endometrium,urogenital_system,924109,1227360,3.107591,2.664799,3.879656,1.152983,6-Aug-12
Cisplatin,HDLM-2,Hodgkin_lymphoma,blood,924110,1257499,4.369061,2.800245,8.888961,1.236792,21-Sep-12
Cisplatin,HO-1-N-1,head_and_neck,aero_digestive_tract,924111,771333,3.674127,1.838637,8.315874,1.076854,1-Jul-10
Cisplatin,HTC-C3,thyroid,thyroid,924151,771341,1.501072,-0.055748,4.877105,1.011015,14-Jun-10
Cisplatin,KGN,ovary,urogenital_system,924186,804462,2.866744,2.253458,4.273142,1.104169,8-Nov-10
Cisplatin,KLE,endometrium,urogenital_system,924187,771263,4.918785,3.20583,8.165531,0.905475,5-Jul-10
Cisplatin,KNS-81-FD,glioma,nervous_system,924188,804465,6.283194,3.775266,10.442578,0.997936,22-Nov-10
Cisplatin,K5,thyroid,thyroid,924238,785871,1.315621,0.709264,1.989949,1.083015,19-Apr-10
Cisplatin,L-363,Myeloma,blood,924239,1262455,3.032926,2.489179,3.962621,0.956088,2-Oct-12
Cisplatin,MDA-MB-415,breast,breast,924240,1089503,3.879562,2.792292,6.026231,0.952764,26-Mar-12
Cisplatin,NCI-H1975,lung_NSCLC_adenocarcinoma,lung,924244,1227403,3.746736,2.853783,5.441519,0.829941,6-Aug-12
Cisplatin,SW954,urogenital_system_other,urogenital_system,924247,804501,2.407143,2.088627,2.930774,1.10428,25-Oct-10
Cisplatin,MKN7,stomach,digestive_system,924250,950635,2.998088,2.398063,4.238525,1.075832,9-Jun-11
Cisplatin,MDA-MB-157,breast,breast,925338,771387,4.836457,2.67791,8.940245,0.847898,21-Jun-10
Cisplatin,MMAC-SF,melanoma,skin,925339,785872,6.27523,3.645124,10.882939,1.024729,19-Apr-10
Cisplatin,MKN45,stomach,digestive_system,925340,785881,2.298245,1.822352,3.17581,1.095617,22-Apr-10
Cisplatin,NCI-H810,lung_NSCLC_large_cell,lung,925341,787721,5.610372,3.190564,10.304921,1.018954,16-Aug-10
Cisplatin,NBsusSR,neuroblastoma,nervous_system,925342,1309661,0.330543,-0.014339,0.659591,0.886645,2-Nov-12
Cisplatin,MFH-ino,soft_tissue_other,soft_tissue,925343,1314389,1.688591,1.292858,2.239482,1.016257,14-Jan-13
Cisplatin,NOS-1,osteosarcoma,bone,925345,804492,4.993016,3.067466,8.600831,0.964308,28-Feb-11
Cisplatin,PANC-03-27,pancreas,pancreas,925346,771439,3.645003,2.133752,8.284757,1.22579,12-Jul-10
Cisplatin,PANC-08-13,pancreas,pancreas,925347,787731,3.11543,1.910169,5.430558,0.845869,3-Jun-10
Cisplatin,PANC-10-05,pancreas,pancreas,925348,787732,2.152654,1.499554,3.282958,1.109544,10-Jun-10
Cisplatin,CAMA-1,breast,breast,946382,771246,1.805367,0.778975,3.436005,0.690911,24-May-10
Cisplatin,CTB-1,B_cell_lymphoma,blood,949088,1262791,1.858073,1.641403,2.390045,1.506356,8-Oct-12
Cisplatin,Caov-4,ovary,urogenital_system,949090,1227333,4.878041,3.067103,8.293224,0.753506,6-Aug-12
Cisplatin,M059J,glioma,nervous_system,949094,787694,2.33968,1.827407,3.247703,0.974698,2-Aug-10
Cisplatin,HAL-01,lymphoblastic_leukemia,blood,949153,1257947,2.514248,1.551793,6.07573,1.291258,21-Sep-12
Cisplatin,OMC-1,cervix,urogenital_system,949154,1089426,2.535496,2.085892,3.229786,0.910561,14-May-12
Cisplatin,ES8,ewings_sarcoma,bone,949155,1227339,1.299186,1.080064,1.510859,1.745015,25-Jun-12
Cisplatin,ES4,ewings_sarcoma,bone,949156,804439,0.4701,0.228496,0.695849,1.543809,28-Feb-11
Cisplatin,ES6,ewings_sarcoma,bone,949157,1089415,3.058829,2.380353,4.345848,0.713225,1-Mar-12
Cisplatin,ES1,ewings_sarcoma,bone,949158,1227338,1.518202,1.11046,2.600499,1.497009,25-Jun-12
Cisplatin,EW-7,ewings_sarcoma,bone,949160,1264499,1.038708,0.856253,1.226605,1.191699,8-Oct-12
Cisplatin,EW-3,ewings_sarcoma,bone,949161,1257023,0.893499,0.628386,1.364114,1.124731,31-Aug-12
Cisplatin,EW-1,ewings_sarcoma,bone,949163,1089419,2.137932,1.662113,2.857721,0.944771,15-Mar-12
Cisplatin,EW-18,ewings_sarcoma,bone,949164,1264387,3.908725,2.744637,6.111621,0.741673,8-Oct-12
Cisplatin,EW-16,ewings_sarcoma,bone,949165,804454,3.20437,1.272322,7.445229,0.976753,28-Feb-11
Cisplatin,EW-13,ewings_sarcoma,bone,949166,1329220,4.124266,2.837131,6.845015,0.932347,26-Nov-12
Cisplatin,EW-22,ewings_sarcoma,bone,949167,787605,0.730471,0.483671,0.980003,1.172086,6-Sep-10
Cisplatin,EW-24,ewings_sarcoma,bone,949168,1330704,4.676046,2.996924,7.878986,0.821939,14-Dec-12
Cisplatin,LAN-6,neuroblastoma,nervous_system,949170,787615,5.544795,3.354921,9.778422,1.022895,9-Aug-10
Cisplatin,NB10,neuroblastoma,nervous_system,949171,1089425,2.440916,1.512087,4.16727,0.48184,15-Mar-12
Cisplatin,NB12,neuroblastoma,nervous_system,949172,804479,5.114736,3.15737,8.624295,0.98506,25-Oct-10
Cisplatin,NB6,neuroblastoma,nervous_system,949173,787623,5.763551,3.295229,10.371654,1.045356,6-Sep-10
Cisplatin,NB7,neuroblastoma,nervous_system,949174,1227346,4.031338,2.620346,8.347507,1.047317,5-Jul-12
Cisplatin,NB17,neuroblastoma,nervous_system,949175,804483,4.239449,2.766887,7.272303,0.853174,20-Sep-10
Cisplatin,NB5,neuroblastoma,nervous_system,949176,787622,1.701413,1.504488,1.919398,1.300671,9-Aug-10
Cisplatin,NB13,neuroblastoma,nervous_system,949177,787620,3.692069,2.25151,8.199086,1.121343,9-Aug-10
Cisplatin,NB14,neuroblastoma,nervous_system,949178,1227345,2.448649,2.064822,3.396908,1.12113,9-Jul-12
Cisplatin,NB1,neuroblastoma,nervous_system,949179,1314333,1.887755,1.735431,2.061467,1.534893,14-Jan-13
Cisplatin,RH-1,rhabdomyosarcoma,soft_tissue,971773,804361,5.809274,3.136569,9.964951,1.044292,6-Dec-10
Cisplatin,RH-18,rhabdomyosarcoma,soft_tissue,971774,950606,5.866304,3.746865,9.82197,0.910735,9-May-11
Cisplatin,MZ2-MEL,melanoma,skin,971777,1227344,0.433319,-0.163435,0.985278,0.525868,5-Jul-12
Cisplatin,SK-MEL-5,melanoma,skin,905956,1227352,3.04863,1.751856,5.566687,0.925369,16-Jul-12
Cisplatin,Hs-578-T,breast,breast,905957,1089474,2.424805,1.818016,3.821318,0.916403,30-Apr-12
Cisplatin,MOLT-4,lymphoblastic_leukemia,blood,905958,1309157,3.352361,1.86611,6.504375,1.116209,2-Nov-12
Cisplatin,SK-OV-3,ovary,urogenital_system,905959,1314529,5.915677,2.746038,10.705423,1.14214,14-Jan-13
Cisplatin,MDA-MB-231,breast,breast,905960,804633,3.455971,2.6044,5.32709,0.801056,8-Nov-10
Cisplatin,COLO-205,large_intestine,digestive_system,905961,1308065,6.205654,3.359385,10.514316,0.941737,26-Oct-12
Cisplatin,SW620,large_intestine,digestive_system,905962,1227320,2.100729,1.740759,2.985852,1.179887,5-Jul-12
Cisplatin,CAKI-1,kidney,kidney,905963,771212,1.983865,1.583913,2.540209,1.069545,20-May-10
Cisplatin,RPMI-8226,Myeloma,blood,905964,1258507,3.344525,2.50736,4.939929,0.960009,21-Sep-12
Cisplatin,SR,lymphoid_neoplasm_other,blood,905965,1267635,3.625961,1.545791,8.37837,1.201425,15-Oct-12
Cisplatin,NCI-H322M,lung_NSCLC_adenocarcinoma,lung,905967,1331852,5.597062,3.283105,9.955633,1.004382,22-Jan-13
Cisplatin,IGROV-1,ovary,urogenital_system,905968,1314193,4.027199,1.976698,7.458216,0.973422,7-Jan-13
Cisplatin,OVCAR-5,ovary,urogenital_system,905969,1089529,1.392249,0.99662,2.032353,0.944995,26-Apr-12
Cisplatin,EKVX,lung_NSCLC_adenocarcinoma,lung,905970,1089412,6.183365,3.730892,10.525759,1.03085,16-Apr-12
Cisplatin,HCC2998,large_intestine,digestive_system,905971,771256,3.223303,2.175662,6.266667,1.079649,21-Jun-10
Cisplatin,HOP-62,lung_NSCLC_adenocarcinoma,lung,905972,1227340,1.518018,1.29526,1.740215,1.14367,16-Jul-12
Cisplatin,HOP-92,lung_NSCLC_large_cell,lung,905973,787661,1.255816,0.658803,1.95925,0.696873,10-Jun-10
Cisplatin,LOXIMVI,melanoma,skin,905974,771267,1.279202,0.704367,1.89144,0.959689,28-Jun-10
Cisplatin,M14,melanoma,skin,905975,804629,5.114528,2.88834,9.57342,1.046649,4-Apr-11
Cisplatin,UACC-62,melanoma,skin,905976,804404,2.518961,2.008594,3.572516,1.049656,13-Dec-10
Cisplatin,UACC-257,melanoma,skin,905977,771291,4.684817,2.780197,9.035065,1.031868,12-Jul-10
Cisplatin,RXF393,kidney,kidney,905978,1227348,2.144351,1.597952,3.909214,0.858079,9-Jul-12
Cisplatin,SN12C,kidney,kidney,905979,771213,2.838244,1.896484,4.884692,0.965937,27-May-10
Cisplatin,TK10,kidney,kidney,905980,787637,3.432917,2.697748,4.7715,0.917033,26-Jul-10
Cisplatin,U031,kidney,kidney,905981,771239,2.556228,1.732529,4.525565,1.0772,17-May-10
Cisplatin,SNB75,glioma,nervous_system,905982,787631,3.872174,2.741793,6.287785,0.938831,2-Aug-10
Cisplatin,U251,glioma,nervous_system,905983,787579,2.449286,1.790912,3.937832,1.093932,3-Jun-10
Cisplatin,SF539,glioma,nervous_system,905984,787629,1.260311,0.861831,1.765385,1.087736,2-Aug-10
Cisplatin,SF295,glioma,nervous_system,905985,1089378,2.234828,1.922565,2.688928,1.164589,23-Apr-12
Cisplatin,SF268,glioma,nervous_system,905986,1227350,0.486925,0.196308,0.762847,1.051868,9-Jul-12
Cisplatin,KM12,large_intestine,digestive_system,905989,771264,5.000273,2.968033,9.393175,1.036364,5-Jul-10
Cisplatin,OVCAR-4,ovary,urogenital_system,905990,1089427,3.104172,2.650106,3.761004,0.732522,15-Mar-12
Cisplatin,OVCAR-8,ovary,urogenital_system,905991,804691,2.988642,2.281694,4.320888,0.801157,13-Dec-10
Cisplatin,BxPC-3,pancreas,pancreas,906693,771436,2.109725,1.601218,2.975022,0.911855,12-Jul-10
Cisplatin,BHT-101,thyroid,thyroid,906696,1089507,1.761811,1.080454,3.710995,0.772297,23-Feb-12
Cisplatin,Becker,glioma,nervous_system,906746,787594,2.87783,2.179757,4.23645,0.995248,6-Sep-10
Cisplatin,BE-13,lymphoblastic_leukemia,blood,906763,1309437,4.059025,2.549861,7.368379,0.852778,2-Nov-12
Cisplatin,ARH-77,Myeloma,blood,906765,1331628,4.65425,2.194732,8.813197,0.921584,22-Jan-13
Cisplatin,AGS,stomach,digestive_system,906790,1314165,5.789637,3.101244,10.098955,0.979635,7-Jan-13
Cisplatin,ABC-1,lung_NSCLC_adenocarcinoma,lung,906791,950629,1.283161,0.544862,2.601391,0.754666,16-Jun-11
Cisplatin,A2058,melanoma,skin,906792,771323,1.385585,0.942446,1.901648,1.143322,17-May-10
Cisplatin,A375,melanoma,skin,906793,1227375,0.277869,-0.017305,0.546254,1.042483,9-Jul-12
Cisplatin,A253,head_and_neck,aero_digestive_tract,906794,1314557,3.336149,1.66343,6.940258,1.058273,14-Jan-13
Cisplatin,8305C,thyroid,thyroid,906795,950622,4.120571,3.020864,6.205408,0.930661,9-May-11
Cisplatin,647-V,Bladder,urogenital_system,906797,1227356,4.61304,2.312151,9.437746,1.0971,25-Jun-12
Cisplatin,639-V,Bladder,urogenital_system,906798,1227355,0.865181,0.574346,1.234177,1.172552,25-Jun-12
Cisplatin,697,lymphoblastic_leukemia,blood,906800,1257695,2.331211,1.290154,4.165518,1.137896,21-Sep-12
Cisplatin,BT-20,breast,breast,906801,804682,5.363163,2.342767,10.087572,1.130016,4-Apr-11
Cisplatin,ACN,neuroblastoma,nervous_system,906803,787592,5.095343,2.805413,9.599802,1.083822,19-Jul-10
Cisplatin,A2780,ovary,urogenital_system,906804,771324,1.574386,1.146419,2.082773,1.033175,21-Jun-10
Cisplatin,COR-L105,lung_NSCLC_adenocarcinoma,lung,906805,950621,3.123498,1.77846,5.529102,0.503879,16-Jun-11
Cisplatin,CRO-AP2,B_cell_lymphoma,blood,906807,1307253,0.778904,0.484038,1.066974,1.01793,26-Oct-12
Cisplatin,COR-L88,lung_small_cell_carcinoma,lung,906808,1261447,6.511787,3.923925,10.945331,0.993008,2-Oct-12
Cisplatin,COLO-824,breast,breast,906812,804518,6.156037,3.563192,10.545835,1.017768,1-Nov-10
Cisplatin,COLO-800,melanoma,skin,906813,950620,2.999161,1.928768,6.880081,1.262174,14-Apr-11
Cisplatin,COLO-792,melanoma,skin,906814,787638,1.745853,1.035234,2.665972,0.838612,10-Jun-10
Cisplatin,COLO-741,large_intestine,digestive_system,906815,771293,3.718902,2.333609,8.008201,1.042778,27-May-10
Cisplatin,COLO-680N,oesophagus,aero_digestive_tract,906817,771295,3.982318,2.699502,6.998677,0.987468,8-Jul-10
Cisplatin,COLO-679,melanoma,skin,906818,804516,2.109955,1.838604,2.640708,1.372535,6-Dec-10
Cisplatin,CHP-212,neuroblastoma,nervous_system,906820,1227354,2.2101,1.279498,4.053279,0.564149,9-Jul-12
Cisplatin,CFPAC-1,pancreas,pancreas,906821,771275,3.561483,2.545251,5.685415,0.922258,5-Jul-10
Cisplatin,CCF-STTG1,glioma,nervous_system,906823,1227413,3.764381,2.864347,5.161585,0.698116,26-Jul-12
Cisplatin,Ca-Ski,cervix,urogenital_system,906824,1227312,1.428063,0.974135,2.110584,0.827425,19-Jul-12
Cisplatin,CAL-120,breast,breast,906826,804387,4.527307,2.912905,8.264882,0.881404,1-Nov-10
Cisplatin,CAL-72,osteosarcoma,bone,906827,804406,3.174377,1.933855,6.734052,0.998449,18-Mar-11
Cisplatin,CAL-62,thyroid,thyroid,906828,787581,3.46495,2.360549,6.01186,0.87057,26-Jul-10
Cisplatin,C32,melanoma,skin,906830,1227303,1.712039,1.294156,2.466231,1.197259,25-Jun-12
Cisplatin,Daudi,Burkitt_lymphoma,blood,906831,1331180,5.335181,3.215579,9.132352,0.922016,18-Dec-12
Cisplatin,DB,B_cell_lymphoma,blood,906832,1308513,3.06994,2.272165,4.816086,0.988341,26-Oct-12
Cisplatin,Daoy,medulloblastoma,nervous_system,906833,771301,0.410368,0.071083,0.7499,1.144795,28-Jun-10
Cisplatin,D-283MED,medulloblastoma,nervous_system,906834,1089441,1.766027,1.399717,2.233179,1.164587,15-Mar-12
Cisplatin,DBTRG-05MG,glioma,nervous_system,906835,804523,3.455554,2.435277,5.549413,0.806004,18-Mar-11
Cisplatin,DEL,lymphoid_neoplasm_other,blood,906836,1256911,4.242757,2.458168,8.118517,1.030954,31-Aug-12
Cisplatin,Detroit562,head_and_neck,aero_digestive_tract,906837,804524,3.644248,2.581516,6.28681,1.104897,4-Oct-10
Cisplatin,DG-75,Burkitt_lymphoma,blood,906838,1267355,3.691203,2.765586,5.602615,1.072209,15-Oct-12
Cisplatin,DK-MG,glioma,nervous_system,906839,787642,3.490497,2.592738,6.024037,1.054083,2-Sep-10
Cisplatin,DJM-1,skin_other,skin,906841,804434,4.405367,2.938868,7.254712,0.780048,4-Apr-11
Cisplatin,DOHH-2,B_cell_lymphoma,blood,906842,981783,1.442332,0.863668,2.563906,1.215823,7-Feb-11
Cisplatin,DoTc2-4510,cervix,urogenital_system,906843,1227359,2.944113,2.09768,4.284432,0.7206,25-Jun-12
Cisplatin,DU-4475,breast,breast,906844,1259711,3.117151,2.396899,4.483212,0.899133,28-Sep-12
Cisplatin,EB2,Burkitt_lymphoma,blood,906846,1332328,6.415721,3.557329,10.796488,1.050159,1-Feb-13
Cisplatin,EB-3,Burkitt_lymphoma,blood,906847,1331376,6.491941,3.805847,10.911043,1.059722,18-Jan-13
Cisplatin,ECC10,stomach,digestive_system,906848,1261671,3.463248,2.671689,4.944806,0.986988,2-Oct-12
Cisplatin,EFM-19,breast,breast,906851,771308,5.499859,3.342684,9.579661,0.926545,8-Jul-10
Cisplatin,EFO-27,ovary,urogenital_system,906852,787647,2.578744,2.0401,3.735432,1.182156,16-Aug-10
Cisplatin,EGI-1,biliary_tract,digestive_system,906853,771309,2.407115,1.211554,4.559408,0.710689,17-Jun-10
Cisplatin,EM-2,chronic_myeloid_leukaemia,blood,906855,1309325,4.832225,3.064032,8.626518,0.929226,2-Nov-12
Cisplatin,EoL-1-cell,haematopoietic_neoplasm_other,blood,906856,1330256,3.515493,1.954935,7.733994,1.205986,7-Dec-12
Cisplatin,ETK-1,biliary_tract,digestive_system,906861,804449,3.907235,2.649498,6.482983,0.938676,20-Sep-10
Cisplatin,EVSA-T,breast,breast,906862,1227362,2.454284,2.084162,3.047882,1.120335,26-Jul-12
Cisplatin,FADU,head_and_neck,aero_digestive_tract,906863,1227363,4.9595,2.005593,9.612573,1.047068,25-Jun-12
Cisplatin,FTC-133,thyroid,thyroid,906864,787648,1.562415,1.200409,2.281454,1.448157,2-Aug-10
Cisplatin,G-361,melanoma,skin,906865,1314025,2.515294,1.905397,4.735561,1.240854,7-Jan-13
Cisplatin,GAMG,glioma,nervous_system,906868,787651,5.667348,3.000429,10.186128,0.998633,16-Aug-10
Cisplatin,GCIY,stomach,digestive_system,906869,787607,2.919018,2.377408,4.100415,1.206948,6-Sep-10
Cisplatin,GDM-1,acute_myeloid_leukaemia,blood,906870,1266571,5.87623,3.659634,9.624004,0.967491,15-Oct-12
Cisplatin,GI-1,glioma,nervous_system,906871,787608,0.724192,0.344757,1.157206,0.827777,2-Aug-10
Cisplatin,GI-ME-N,neuroblastoma,nervous_system,906872,804457,2.393368,2.055071,2.980943,1.044442,1-Nov-10
Cisplatin,GMS-10,glioma,nervous_system,906873,771316,4.444863,2.09953,9.109369,1.091154,12-Jul-10
Cisplatin,GOTO,neuroblastoma,nervous_system,906875,1089451,1.127711,0.278156,1.90511,0.644581,15-Mar-12
Cisplatin,GR-ST,lymphoblastic_leukemia,blood,906877,1255931,0.773334,-0.163914,1.700577,0.598793,31-Aug-12
Cisplatin,GCT,soft_tissue_other,soft_tissue,906999,771315,1.91856,1.396052,2.673539,1.008355,20-May-10
Cisplatin,ESS-1,endometrium,urogenital_system,907000,771310,0.993356,0.675652,1.276207,1.051557,5-Jul-10
Cisplatin,GT3TKB,stomach,digestive_system,907041,771255,1.747899,1.307087,2.964641,1.357256,20-May-10
Cisplatin,H4,glioma,nervous_system,907042,787656,1.550609,1.246644,1.890523,1.019001,2-Aug-10
Cisplatin,H9,lymphoid_neoplasm_other,blood,907043,1254251,5.15506,2.875199,9.440747,0.981401,3-Sep-12
Cisplatin,HC-1,hairy_cell_leukaemia,blood,907044,1264723,4.881295,3.079154,8.344227,1.027974,9-Oct-12
Cisplatin,HCC1419,breast,breast,907045,1089459,3.385655,1.49696,6.499094,0.383176,23-Feb-12
Cisplatin,HCC1569,breast,breast,907046,804551,6.120834,3.688768,10.58435,0.960445,29-Nov-10
Cisplatin,HCC1806,breast,breast,907047,771325,1.991426,1.305483,3.269718,1.065697,21-Jun-10
Cisplatin,HCC70,breast,breast,907048,771330,2.635947,1.916637,5.217911,1.212718,8-Jul-10
Cisplatin,HD-MY-Z,Hodgkin_lymphoma,blood,907050,1089466,2.888265,2.386311,3.999788,1.099272,16-Apr-12
Cisplatin,HEC-1,endometrium,urogenital_system,907051,804562,2.584415,1.968632,3.928892,1.023675,4-Oct-10
Cisplatin,HEL,acute_myeloid_leukaemia,blood,907053,771331,0.331935,-0.066229,0.692253,1.485893,28-Jun-10
Cisplatin,HGC-27,stomach,digestive_system,907055,787659,1.895023,1.609851,2.267508,1.301625,9-Aug-10
Cisplatin,HH,T_cell_leukemia,blood,907056,1254363,3.233163,1.983803,6.132707,1.20468,3-Sep-12
Cisplatin,HLE,liver,digestive_system,907057,787660,1.801752,1.409245,2.455725,1.285115,7-Jun-10
Cisplatin,HMV-II,melanoma,skin,907058,785877,3.731449,2.348007,7.012031,1.005082,22-Apr-10
Cisplatin,HN,head_and_neck,aero_digestive_tract,907059,771332,3.584438,1.567831,8.388774,1.12582,1-Jul-10
Cisplatin,HOS,osteosarcoma,bone,907060,804566,0.940133,0.595826,1.268505,0.889514,28-Feb-11
Cisplatin,HSC-3,head_and_neck,aero_digestive_tract,907061,787666,3.087901,1.510207,7.745396,1.058966,19-Jul-10
Cisplatin,HSC-4,head_and_neck,aero_digestive_tract,907062,950631,0.458272,0.194053,0.715773,1.427508,20-Jun-11
Cisplatin,HT,B_cell_lymphoma,blood,907063,1267131,6.200692,3.730965,10.379307,1.030989,15-Oct-12
Cisplatin,HT-1080,fibrosarcoma,soft_tissue,907064,787667,3.175388,1.854998,5.584563,0.980524,19-Jul-10
Cisplatin,HT-1197,Bladder,urogenital_system,907065,771340,3.783517,2.70179,5.892235,0.890314,12-Jul-10
Cisplatin,HT-1376,Bladder,urogenital_system,907066,771339,4.594165,2.580596,9.174902,0.950313,14-Jun-10
Cisplatin,HT-144,melanoma,skin,907067,771259,2.481563,1.718708,4.378594,1.017604,21-Jun-10
Cisplatin,HT-3,cervix,urogenital_system,907068,1089480,1.617329,1.201665,2.420269,1.455771,14-May-12
Cisplatin,HuCCT1,biliary_tract,digestive_system,907069,804573,4.250526,2.851037,7.362505,0.980475,6-Dec-10
Cisplatin,HuH-7,liver,digestive_system,907071,1089484,3.711231,2.707768,5.243783,0.627045,26-Mar-12
Cisplatin,HuO9,osteosarcoma,bone,907072,804577,3.655727,1.972716,7.084357,1.072161,28-Feb-11
Cisplatin,HUTU-80,digestive_system_other,digestive_system,907073,1314053,4.572472,2.139927,9.377536,1.110883,7-Jan-13
Cisplatin,IGR-1,melanoma,skin,907169,804578,4.530183,2.821178,7.620119,0.861349,13-Dec-10
Cisplatin,IMR-5,neuroblastoma,nervous_system,907170,1309885,1.656907,1.44722,2.173422,1.769663,2-Nov-12
Cisplatin,IPC-298,melanoma,skin,907171,804585,6.1416,2.503307,10.818627,1.053375,19-Jul-10
Cisplatin,IST-MEL1,melanoma,skin,907172,950615,2.238629,1.990891,2.636798,1.255804,14-Apr-11
Cisplatin,IST-MES1,mesothelioma,lung,907173,771261,2.981633,1.631946,5.194088,0.659774,28-Jun-10
Cisplatin,JAR,urogenital_system_other,urogenital_system,907175,771353,3.240768,1.38574,7.699846,1.026259,21-Jun-10
Cisplatin,JEG-3,urogenital_system_other,urogenital_system,907176,804460,2.331539,1.866825,3.028516,0.67219,16-Dec-10
Cisplatin,JiyoyeP-2003,Burkitt_lymphoma,blood,907268,1331768,6.087407,3.600971,10.757218,0.982731,22-Jan-13
Cisplatin,JVM-2,lymphoid_neoplasm_other,blood,907269,1258591,2.724556,2.047261,4.107596,0.769842,21-Sep-12
Cisplatin,JVM-3,lymphoid_neoplasm_other,blood,907270,1257135,1.575373,1.0102,2.494192,0.687182,31-Aug-12
Cisplatin,KALS-1,glioma,nervous_system,907271,771262,4.264002,2.507962,8.131863,0.953816,13-May-10
Cisplatin,KARPAS-45,lymphoblastic_leukemia,blood,907272,1265927,6.351316,3.663213,10.87863,1.039024,9-Oct-12
Cisplatin,KARPAS-299,anaplastic_large_cell_lymphoma,blood,907273,1254699,1.75091,1.284874,3.212438,1.294687,3-Sep-12
Cisplatin,KARPAS-422,B_cell_lymphoma,blood,907274,1267243,5.773301,3.594317,9.627753,0.996519,15-Oct-12
Cisplatin,KASUMI-1,acute_myeloid_leukaemia,blood,907275,1266039,4.241239,2.827162,7.048702,0.928219,9-Oct-12
Cisplatin,KE-37,lymphoblastic_leukemia,blood,907277,1261559,3.608988,1.427446,8.707471,1.24899,2-Oct-12
Cisplatin,KG-1,acute_myeloid_leukaemia,blood,907278,981828,1.29019,0.275518,2.584029,0.643512,25-Feb-11
Cisplatin,KINGS-1,glioma,nervous_system,907279,804464,3.755583,2.566487,6.03332,0.755245,20-Sep-10
Cisplatin,KMOE-2,acute_myeloid_leukaemia,blood,907280,1254811,3.276047,2.38673,6.153147,1.117497,3-Sep-12
Cisplatin,KNS-42,glioma,nervous_system,907282,787611,3.019929,2.415577,4.285008,1.053535,2-Aug-10
Cisplatin,HuP-T3,pancreas,pancreas,907285,1227380,3.838605,2.735126,5.99941,0.659146,5-Jul-12
Cisplatin,HuP-T4,pancreas,pancreas,907286,1227381,2.488086,1.826103,4.117836,1.146692,5-Jul-12
Cisplatin,HT55,large_intestine,digestive_system,907287,1089481,4.772047,3.177517,8.171604,1.03527,10-May-12
Cisplatin,H-EMC-SS,chondrosarcoma,bone,907290,950628,3.0519,1.746456,5.281018,0.517699,16-Jun-11
Cisplatin,GP5d,large_intestine,digestive_system,907291,771317,3.187374,2.055074,5.445488,0.858678,28-Jun-10
Cisplatin,DMS-53,lung_small_cell_carcinoma,lung,907295,1227357,6.482946,3.733489,11.0158,1.023848,16-Jul-12
Cisplatin,G-402,soft_tissue_other,soft_tissue,907298,771314,1.531511,1.197904,2.184514,1.306139,12-Jul-10
Cisplatin,G-401,kidney,kidney,907299,804536,1.981177,1.561196,2.643217,1.197763,6-Dec-10
Cisplatin,KY821,leukemia,blood,907300,1265367,5.466966,2.744415,10.460049,1.123752,9-Oct-12
Cisplatin,KU812,chronic_myeloid_leukaemia,blood,907311,1265815,4.275968,2.21462,9.127974,1.068391,9-Oct-12
Cisplatin,KU-19-19,Bladder,urogenital_system,907312,787683,2.312987,1.849422,3.206918,1.047878,19-Jul-10
Cisplatin,KS-1,glioma,nervous_system,907313,787613,3.341655,2.464047,5.025011,0.820615,2-Aug-10
Cisplatin,KP-N-YN,neuroblastoma,nervous_system,907314,950616,6.365036,3.837677,10.632244,0.951849,9-May-11
Cisplatin,KYSE-150,oesophagus,aero_digestive_tract,907317,804611,6.019019,3.567999,10.104467,1.007924,8-Nov-10
Cisplatin,KYSE-180,oesophagus,aero_digestive_tract,907318,771366,1.760555,1.187738,2.624135,0.980213,1-Jul-10
Cisplatin,KYSE-270,oesophagus,aero_digestive_tract,907319,771370,2.397199,1.239476,6.035622,1.093372,27-May-10
Cisplatin,KYSE-450,oesophagus,aero_digestive_tract,907320,1227386,3.776897,2.872753,5.39046,0.965037,5-Jul-12
Cisplatin,KYSE-510,oesophagus,aero_digestive_tract,907321,771372,1.219164,0.874796,1.553473,1.456676,1-Jul-10
Cisplatin,L-428,Hodgkin_lymphoma,blood,907322,1262007,3.989468,1.987837,8.591082,1.125214,2-Oct-12
Cisplatin,L-540,Hodgkin_lymphoma,blood,907323,1255371,4.616117,2.420399,8.784246,1.033788,31-Aug-12
Cisplatin,J-RT3-T3-5,lymphoblastic_T_cell_leukaemia,blood,907391,1254587,1.149941,0.820426,2.277702,1.701491,3-Sep-12
Cisplatin,LAMA-84,chronic_myeloid_leukaemia,blood,907783,1254923,2.600591,1.637621,4.664768,0.772379,3-Sep-12
Cisplatin,LC-2-ad,lung_NSCLC_adenocarcinoma,lung,907786,787616,2.50491,1.63319,5.15923,1.068586,10-Jun-10
Cisplatin,LC4-1,lymphoblastic_leukemia,blood,907787,1266907,4.131843,2.486991,9.047894,1.196205,15-Oct-12
Cisplatin,LNCaP-Clone-FGC,prostate,urogenital_system,907788,771382,6.244892,3.503642,10.463225,0.996572,12-Jul-10
Cisplatin,LOUCY,lymphoblastic_T_cell_leukaemia,blood,907789,1267467,2.254842,1.777863,4.188725,1.430589,15-Oct-12
Cisplatin,LoVo,large_intestine,digestive_system,907790,787692,4.063504,2.584195,7.536054,0.966694,26-Jul-10
Cisplatin,LP-1,Myeloma,blood,907791,1331320,6.389407,3.66259,10.820089,1.060885,18-Jan-13
Cisplatin,LS-123,large_intestine,digestive_system,907792,804624,4.763031,2.924452,8.754199,0.97994,18-Oct-10
Cisplatin,LS-411N,large_intestine,digestive_system,907794,804474,4.196372,2.732592,8.007852,1.040346,30-Sep-10
Cisplatin,LS-513,large_intestine,digestive_system,907795,804475,5.506352,3.256048,9.579277,0.910906,13-Dec-10
Cisplatin,LU-99A,lung_NSCLC_large_cell,lung,907796,771384,1.457321,0.822619,2.274113,1.030407,14-Jun-10
Cisplatin,MC116,B_cell_lymphoma,blood,907799,1255595,7.37735,4.597693,11.612836,1.088154,31-Aug-12
Cisplatin,MC-IXC,neuroblastoma,nervous_system,908118,787697,0.518387,0.299259,0.724072,1.781874,2-Aug-10
Cisplatin,MDA-MB-175-VII,breast,breast,908120,1089501,4.244827,1.938649,7.942554,0.943837,30-Apr-12
Cisplatin,MDA-MB-361,breast,breast,908121,771388,2.916008,2.085868,4.670493,0.941243,21-Jun-10
Cisplatin,MDA-MB-453,breast,breast,908122,804634,6.166694,3.675784,10.218027,1.034483,8-Nov-10
Cisplatin,MDA-MB-468,breast,breast,908123,1089587,1.899596,1.631712,2.250406,0.896675,22-Mar-12
Cisplatin,MEL-HO,melanoma,skin,908124,804637,1.916537,1.629551,2.473655,1.259507,4-Apr-11
Cisplatin,MEL-JUSO,melanoma,skin,908125,950634,2.931917,2.223507,4.268976,0.769193,16-Jun-11
Cisplatin,MEG-01,chronic_myeloid_leukaemia,blood,908126,1257611,3.973309,2.929158,6.282279,1.069702,21-Sep-12
Cisplatin,MES-SA,uterus,urogenital_system,908127,1227395,2.016593,1.644132,2.95018,1.042893,6-Aug-12
Cisplatin,Mewo,melanoma,skin,908128,804639,2.813478,1.90977,4.65327,0.89331,27-May-10
Cisplatin,MFE-280,endometrium,urogenital_system,908129,1227396,6.111393,3.621427,10.220718,1.004533,5-Jul-12
Cisplatin,MFE-296,endometrium,urogenital_system,908130,804642,4.117331,2.217695,9.022264,1.114578,4-Oct-10
Cisplatin,MG-63,osteosarcoma,bone,908131,804646,4.609352,2.063149,8.805885,0.954885,28-Feb-11
Cisplatin,MHH-CALL-2,B_cell_leukemia,blood,908132,1331068,2.673449,1.944846,4.569839,0.976783,18-Dec-12
Cisplatin,MHH-ES-1,ewings_sarcoma,bone,908134,1227398,0.841311,0.268001,1.60301,0.627905,5-Jul-12
Cisplatin,MHH-NB-11,neuroblastoma,nervous_system,908135,771397,1.575555,1.243221,2.232202,1.454512,1-Jul-10
Cisplatin,MHH-PREB-1,B_cell_leukemia,blood,908136,1307701,5.262081,3.174114,9.357171,1.024735,26-Oct-12
Cisplatin,MKN1,stomach,digestive_system,908138,771398,3.740548,2.344837,6.676273,0.748925,13-May-10
Cisplatin,MKN28,stomach,digestive_system,908139,1227400,4.158921,2.891838,6.55881,0.679668,5-Jul-12
Cisplatin,ML-2,acute_myeloid_leukaemia,blood,908141,1330480,2.362305,2.010428,3.239774,1.331675,7-Dec-12
Cisplatin,MLMA,hairy_cell_leukaemia,blood,908142,804653,2.955775,1.927089,5.72164,0.708033,6-Dec-10
Cisplatin,MN-60,B_cell_leukemia,blood,908143,1309549,6.604341,3.974563,10.742903,1.050911,2-Nov-12
Cisplatin,MOLT-13,lymphoblastic_T_cell_leukaemia,blood,908146,1264611,4.026093,2.512391,7.318394,0.929916,9-Oct-12
Cisplatin,MOLT-16,lymphoblastic_T_cell_leukaemia,blood,908147,1267579,1.750679,1.213659,3.972426,1.513053,15-Oct-12
Cisplatin,MONO-MAC-6,acute_myeloid_leukaemia,blood,908148,1262231,3.453379,2.387036,7.121375,1.173224,2-Oct-12
Cisplatin,Mo-T,hairy_cell_leukaemia,blood,908149,1255035,1.724717,1.307967,2.69215,1.135852,3-Sep-12
Cisplatin,MPP-89,mesothelioma,lung,908150,787618,2.191885,1.53377,3.337433,0.683855,26-Jul-10
Cisplatin,MRK-nu-1,breast,breast,908151,1265479,6.5848,3.999788,10.994067,1.047421,9-Oct-12
Cisplatin,MSTO-211H,mesothelioma,lung,908152,787703,4.044288,2.537508,7.592755,0.956483,26-Jul-10
Cisplatin,MV-4-11,leukemia,blood,908156,1255147,1.583078,1.135506,2.383863,1.149317,3-Sep-12
Cisplatin,NALM-6,B_cell_leukemia,blood,908158,1330620,5.685823,3.076359,9.747185,0.95763,14-Dec-12
Cisplatin,NB69,neuroblastoma,nervous_system,908440,771404,3.952423,2.077543,6.795641,0.611145,12-Jul-10
Cisplatin,NCI-H520,lung_NSCLC_squamous_cell_carcinoma,lung,908443,787720,4.288214,2.70533,8.160229,1.073346,19-Jul-10
Cisplatin,NCI-SNU-1,stomach,digestive_system,908444,1330648,5.032117,3.274448,8.362728,0.958644,14-Dec-12
Cisplatin,NCI-SNU-5,stomach,digestive_system,908445,1255259,3.6598,1.948602,6.847308,1.013997,3-Sep-12
Cisplatin,NCI-SNU-16,stomach,digestive_system,908446,1330340,5.433865,3.330813,9.513239,0.900881,7-Dec-12
Cisplatin,NH-12,neuroblastoma,nervous_system,908447,804684,2.582414,1.70144,4.915182,1.301347,25-Oct-10
Cisplatin,NKM-1,acute_myeloid_leukaemia,blood,908448,1256603,1.463235,0.994038,2.383197,0.989472,31-Aug-12
Cisplatin,NMC-G1,glioma,nervous_system,908449,804488,2.676983,1.845651,4.152122,0.713518,20-Sep-10
Cisplatin,no-11,glioma,nervous_system,908450,787625,2.745953,2.074667,4.146591,0.795353,9-Aug-10
Cisplatin,NOMO-1,acute_myeloid_leukaemia,blood,908451,1256491,4.188152,1.844758,8.295938,0.896768,31-Aug-12
Cisplatin,no-10,glioma,nervous_system,908452,804489,4.354462,2.937842,7.368696,0.950435,1-Nov-10
Cisplatin,NTERA-S-cl-D1,testis,urogenital_system,908454,771276,-0.16429,-0.511919,0.197212,1.218547,20-May-10
Cisplatin,NUGC-3,stomach,digestive_system,908455,787722,0.762168,0.207379,1.248692,1.129093,10-Jun-10
Cisplatin,NCI-H747,large_intestine,digestive_system,908457,804486,6.171158,3.228301,10.684802,1.021191,18-Oct-10
Cisplatin,NCI-H716,large_intestine,digestive_system,908458,1256827,4.696618,2.858565,8.208871,0.666805,31-Aug-12
Cisplatin,NCI-H596,lung_NSCLC_adenocarcinoma,lung,908459,804677,5.718735,3.378326,9.907214,1.051522,15-Nov-10
Cisplatin,NCI-H441,lung_NSCLC_adenocarcinoma,lung,908460,771423,5.295018,3.114992,9.726279,1.047106,8-Jul-10
Cisplatin,NCI-N87,stomach,digestive_system,908461,771428,3.495386,2.310551,5.680649,0.665867,5-Jul-10
Cisplatin,NCI-H2452,mesothelioma,lung,908462,804672,5.363383,3.155368,9.668738,1.057551,30-Sep-10
Cisplatin,NCI-H1793,lung_NSCLC_adenocarcinoma,lung,908463,787710,2.951665,1.79859,5.51174,0.927651,3-Jun-10
Cisplatin,NCI-H358,lung_NSCLC_adenocarcinoma,lung,908465,771422,4.506685,2.773637,7.975382,0.961505,13-May-10
Cisplatin,NCI-H1155,lung_NSCLC_large_cell,lung,908467,1262567,2.280691,1.59028,4.130089,1.285458,8-Oct-12
Cisplatin,NCI-H28,mesothelioma,lung,908470,804542,4.760889,2.25685,9.446078,1.060974,30-Sep-10
Cisplatin,NCI-H1581,lung_NSCLC_large_cell,lung,908471,787706,2.497983,1.573258,4.164887,0.860618,10-Jun-10
Cisplatin,NCI-H1573,lung_NSCLC_adenocarcinoma,lung,908472,787705,4.721239,2.801486,8.990472,0.931061,3-Jun-10
Cisplatin,NCI-H1666,lung_NSCLC_adenocarcinoma,lung,908473,771410,3.47389,2.292775,7.024472,1.086406,17-May-10
Cisplatin,NCI-H1703,lung_NSCLC_adenocarcinoma,lung,908474,950637,4.999723,2.93505,8.933392,0.552305,20-Jun-11
Cisplatin,NCI-H1755,lung_NSCLC_adenocarcinoma,lung,908475,804658,5.333582,3.29318,9.166177,0.978048,6-Dec-10
Cisplatin,NCI-H1993,lung_NSCLC_adenocarcinoma,lung,908476,804662,7.209714,4.326716,11.472469,1.08039,8-Nov-10
Cisplatin,NCI-H630,large_intestine,digestive_system,908482,804678,6.241252,3.626671,10.460249,1.000522,18-Oct-10
Cisplatin,NCI-H524,lung_small_cell_carcinoma,lung,908483,1263939,2.139932,1.839805,2.602914,0.879037,8-Oct-12
Cisplatin,ONS-76,medulloblastoma,nervous_system,909248,950618,1.373483,0.644747,2.24873,0.559632,16-Jun-11
Cisplatin,OPM-2,Myeloma,blood,909249,1266683,6.40308,3.788085,10.635189,1.002187,15-Oct-12
Cisplatin,OS-RC-2,kidney,kidney,909250,771277,1.354171,0.523474,2.21102,0.809678,28-Jun-10
Cisplatin,P12-ICHIKAWA,lymphoblastic_T_cell_leukaemia,blood,909251,1265703,6.331195,3.428547,10.605155,1.068593,9-Oct-12
Cisplatin,P30-OHK,lymphoblastic_leukemia,blood,909252,1307813,1.877267,0.943191,5.031473,1.637709,26-Oct-12
Cisplatin,P31-FUJ,acute_myeloid_leukaemia,blood,909253,1261783,5.74896,3.558,9.685379,0.975881,2-Oct-12
Cisplatin,PA-1,ovary,urogenital_system,909255,787729,0.598542,0.359846,0.836782,1.29283,16-Aug-10
Cisplatin,OCUB-M,breast,breast,909256,804493,6.401837,3.692571,10.785028,1.029976,1-Nov-10
Cisplatin,OC-314,ovary,urogenital_system,909257,1227347,3.270162,2.089978,7.808259,1.27643,9-Jul-12
Cisplatin,PF-382,lymphoblastic_T_cell_leukaemia,blood,909260,1262119,4.639097,3.09918,7.955378,0.938378,2-Oct-12
Cisplatin,Raji,Burkitt_lymphoma,blood,909262,1331572,3.913617,2.828025,6.184962,1.025709,22-Jan-13
Cisplatin,RCM-1,large_intestine,digestive_system,909263,804356,4.809574,2.924266,8.805017,1.009602,4-Apr-11
Cisplatin,RD,rhabdomyosarcoma,soft_tissue,909264,787559,2.677687,1.623464,5.029636,0.989819,3-Jun-10
Cisplatin,REH,B_cell_leukemia,blood,909696,1261895,3.06135,2.215617,4.579687,1.14485,2-Oct-12
Cisplatin,RKO,large_intestine,digestive_system,909698,804494,4.279205,2.442469,8.535288,1.053197,18-Oct-10
Cisplatin,RMG-I,ovary,urogenital_system,909699,1089372,7.051461,4.258047,11.309664,1.057237,30-Apr-12
Cisplatin,RPMI-2650,head_and_neck,aero_digestive_tract,909700,787561,4.324789,2.91386,7.245308,0.965281,19-Jul-10
Cisplatin,RPMI-6666,Hodgkin_lymphoma,blood,909701,1330956,1.855705,1.560109,2.21514,1.115945,17-Dec-12
Cisplatin,RPMI-8402,lymphoblastic_T_cell_leukaemia,blood,909702,1306917,3.463524,1.775577,7.391417,1.083889,26-Oct-12
Cisplatin,RS4-11,leukemia,blood,909703,981765,1.718147,0.580778,4.095947,0.943982,25-Jan-11
Cisplatin,RT-112,Bladder,urogenital_system,909704,771204,2.66144,1.789681,4.556519,1.030309,28-Jun-10
Cisplatin,RVH-421,melanoma,skin,909706,804364,3.704713,2.724319,5.559576,0.91728,8-Nov-10
Cisplatin,Saos-2,osteosarcoma,bone,909707,787562,3.593025,2.352496,7.632223,1.132217,19-Jul-10
Cisplatin,SAS,head_and_neck,aero_digestive_tract,909708,804365,2.920069,1.501958,5.401788,0.810822,1-Nov-10
Cisplatin,SCC-9,head_and_neck,aero_digestive_tract,909709,804369,3.159347,2.391102,5.792628,1.19254,30-Sep-10
Cisplatin,SCH,stomach,digestive_system,909711,804371,2.577083,2.032273,3.445645,0.849333,1-Nov-10
Cisplatin,SF126,glioma,nervous_system,909712,1227349,2.320517,1.82634,3.115944,0.885311,30-Jul-12
Cisplatin,SH-4,melanoma,skin,909713,950619,4.229024,2.839446,7.691366,0.988413,14-Apr-11
Cisplatin,SJRH30,rhabdomyosarcoma,soft_tissue,909716,1314249,2.674461,2.207791,4.150859,1.095744,7-Jan-13
Cisplatin,SJSA-1,bone_other,bone,909717,787630,3.134084,2.215173,5.212885,0.91941,19-Jul-10
Cisplatin,SK-CO-1,large_intestine,digestive_system,909718,1089585,1.025574,0.566002,1.516986,1.128338,30-Apr-12
Cisplatin,SK-HEP-1,liver,digestive_system,909719,804379,3.3638,2.237075,6.859382,1.173445,20-Sep-10
Cisplatin,SK-LMS-1,soft_tissue_other,soft_tissue,909720,1227351,2.152547,1.569863,3.142558,0.809211,19-Jul-12
Cisplatin,SK-LU-1,lung_NSCLC_adenocarcinoma,lung,909721,787566,1.998357,1.365145,3.199249,1.113929,10-Jun-10
Cisplatin,SKM-1,haematopoietic_neoplasm_other,blood,909722,1255707,1.555632,0.560556,3.30903,0.785942,31-Aug-12
Cisplatin,SK-MEL-1,melanoma,skin,909723,1331824,6.493032,3.885838,10.747784,1.032172,22-Jan-13
Cisplatin,SK-MEL-3,melanoma,skin,909724,950607,6.527849,3.798242,10.926267,0.994463,9-May-11
Cisplatin,SK-MEL-24,melanoma,skin,909725,981809,3.77812,2.354355,6.884321,0.859503,18-Mar-11
Cisplatin,SK-MEL-30,melanoma,skin,909726,785868,1.647661,0.988238,2.537243,0.739064,22-Apr-10
Cisplatin,SK-MES-1,lung_NSCLC_squamous_cell_carcinoma,lung,909728,804382,4.857482,2.849329,9.004804,0.999091,4-Oct-10
Cisplatin,SK-MG-1,glioma,nervous_system,909729,1227353,2.041884,1.56014,2.775064,0.805896,16-Jul-12
Cisplatin,SK-NEP-1,kidney,kidney,909730,1307141,1.220367,0.971931,1.446453,1.299168,26-Oct-12
Cisplatin,SK-PN-DW,ewings_sarcoma,bone,909731,1257247,0.190707,-0.300368,0.623105,1.033888,31-Aug-12
Cisplatin,SK-UT-1,soft_tissue_other,soft_tissue,909732,785873,2.554108,2.020373,3.403721,0.946903,19-Apr-10
Cisplatin,SNG-M,endometrium,urogenital_system,909735,804384,4.435205,2.804322,7.993581,0.974317,4-Oct-10
Cisplatin,SNU-387,liver,digestive_system,909736,1227317,3.757981,2.701418,5.606666,0.624081,9-Jul-12
Cisplatin,SNU-423,liver,digestive_system,909737,1089391,4.707011,3.048262,7.99445,0.925509,14-May-12
Cisplatin,SNU-449,liver,digestive_system,909738,1089392,4.276304,3.142118,6.458094,0.83216,14-May-12
Cisplatin,SNU-C2B,large_intestine,digestive_system,909740,787633,3.861502,2.630323,7.400932,1.040459,16-Aug-10
Cisplatin,SUP-T1,lymphoblastic_T_cell_leukaemia,blood,909743,1264835,5.869411,3.311809,10.426661,1.027534,9-Oct-12
Cisplatin,SW13,adrenal_gland,kidney,909744,771215,2.660853,1.861433,4.603059,1.088109,13-May-10
Cisplatin,SW1088,glioma,nervous_system,909745,787570,2.272055,1.558226,3.555675,0.896152,7-Jun-10
Cisplatin,SW1116,large_intestine,digestive_system,909746,771214,5.065315,2.772151,9.212274,0.909699,28-Jun-10
Cisplatin,SW1417,large_intestine,digestive_system,909747,771216,5.268595,3.151645,9.459821,0.996484,5-Jul-10
Cisplatin,SW1463,large_intestine,digestive_system,909748,771217,5.240491,2.848676,9.764378,0.953167,28-Jun-10
Cisplatin,SW1710,Bladder,urogenital_system,909749,771222,3.793827,2.780455,6.055114,1.056668,8-Jul-10
Cisplatin,SW1783,glioma,nervous_system,909750,787571,3.14837,2.350995,5.605038,1.158223,6-Sep-10
Cisplatin,SW48,large_intestine,digestive_system,909751,804391,2.221034,1.91644,3.413228,1.410575,30-Sep-10
Cisplatin,SW626,ovary,urogenital_system,909753,1089396,3.499071,2.785665,4.808396,1.081682,30-Apr-12
Cisplatin,SW684,fibrosarcoma,soft_tissue,909754,804500,6.379987,3.748352,10.93106,1.052256,4-Oct-10
Cisplatin,SW837,large_intestine,digestive_system,909755,771224,5.249529,2.893108,9.702344,0.94373,13-May-10
Cisplatin,SW872,soft_tissue_other,soft_tissue,909756,771285,1.001754,0.189201,3.078474,1.152758,27-May-10
Cisplatin,SW948,large_intestine,digestive_system,909757,804393,5.404461,3.321239,9.272049,0.951184,6-Dec-10
Cisplatin,SW962,urogenital_system_other,urogenital_system,909758,787634,4.16857,2.73838,7.030326,0.946221,2-Aug-10
Cisplatin,SW982,soft_tissue_other,soft_tissue,909759,771286,2.033649,1.705906,2.518374,1.104035,8-Jul-10
Cisplatin,T84,large_intestine,digestive_system,909761,804394,5.875789,3.515938,10.032059,0.968763,1-Nov-10
Cisplatin,TGBC1TKB,biliary_tract,digestive_system,909769,787636,4.413548,2.616028,9.07133,1.057643,6-Sep-10
Cisplatin,TGBC11TKB,stomach,digestive_system,909770,1331796,4.771746,3.247903,7.948305,0.951603,22-Jan-13
Cisplatin,THP-1,acute_myeloid_leukaemia,blood,909771,1308765,5.756568,2.530449,10.435565,1.132826,2-Nov-12
Cisplatin,TUR,B_cell_lymphoma,blood,909773,1307477,4.612523,2.758127,8.463027,1.039537,26-Oct-12
Cisplatin,TYK-nu,ovary,urogenital_system,909774,1089404,2.762374,1.538979,4.275677,0.931713,26-Apr-12
Cisplatin,U-2-OS,osteosarcoma,bone,909776,771232,1.311194,0.763137,1.979221,0.975879,27-May-10
Cisplatin,U-698-M,B_cell_leukemia,blood,909777,1263015,5.330315,2.361611,9.611005,1.097396,8-Oct-12
Cisplatin,UACC-893,breast,breast,909778,771234,3.261876,2.192691,6.126082,1.054075,13-May-10
Cisplatin,UMC-11,lung_NSCLC_carcinoid,lung,909779,771236,6.805516,3.939306,11.120391,1.028483,20-May-10
Cisplatin,VM-CUB-1,Bladder,urogenital_system,909780,771240,0.756552,-0.039504,1.53749,0.890511,17-Jun-10
Cisplatin,VMRC-RCZ,kidney,kidney,909781,950611,5.696552,3.272045,10.089469,1.023275,14-Apr-11
Cisplatin,WM-115,melanoma,skin,909784,804413,3.508382,2.479005,5.429441,0.654688,4-Apr-11
Cisplatin,WSU-NHL,lymphoid_neoplasm_other,blood,909785,1307589,2.898252,2.147125,6.009264,1.244078,26-Oct-12
Cisplatin,YAPC,pancreas,pancreas,909904,804420,7.059154,4.226873,11.473032,1.101152,15-Nov-10
Cisplatin,YH-13,glioma,nervous_system,909905,1089432,2.49591,2.23661,2.880763,1.015573,23-Feb-12
Cisplatin,ZR-75-30,breast,breast,909907,1227325,5.156666,3.137016,9.422085,1.017789,9-Jul-12
Cisplatin,RCC10RGB,kidney,kidney,909974,771278,6.821594,4.099952,11.207343,1.053939,8-Jul-10
Cisplatin,KURAMOCHI,ovary,urogenital_system,909975,1227341,2.235788,1.34689,4.284706,0.571193,5-Jul-12
Cisplatin,KM-H2,Hodgkin_lymphoma,blood,909976,1330452,5.00804,3.025045,9.234426,0.81713,7-Dec-12
Cisplatin,HuO-3N1,osteosarcoma,bone,909977,804575,3.851604,2.663609,5.996327,0.811139,18-Mar-11
Cisplatin,OE19,oesophagus,aero_digestive_tract,910079,787724,4.461804,3.031031,7.182673,0.771153,19-Jul-10
Cisplatin,NCI-H838,lung_NSCLC_adenocarcinoma,lung,910399,1089520,2.895541,2.182754,6.012676,1.181527,30-Apr-12
Cisplatin,Ramos-2G6-4C10,Burkitt_lymphoma,blood,910401,1256211,3.952623,2.640143,6.570694,0.871728,31-Aug-12
Cisplatin,RPMI-8866,chronic_myeloid_leukaemia,blood,910544,1256379,2.981056,1.645641,5.930455,0.84325,31-Aug-12
Cisplatin,QIMR-WIL,acute_myeloid_leukaemia,blood,910545,1256715,3.096446,2.143651,5.008644,1.054825,31-Aug-12
Cisplatin,PSN1,pancreas,pancreas,910546,787558,0.516077,0.205646,0.803448,1.155779,9-Aug-10
Cisplatin,OAW-42,ovary,urogenital_system,910548,1089524,2.155213,1.884206,2.566346,0.97642,16-Apr-12
Cisplatin,OE33,oesophagus,aero_digestive_tract,910549,787725,3.113975,2.328182,4.937745,1.061214,26-Jul-10
Cisplatin,CW-2,large_intestine,digestive_system,910554,804430,3.200442,2.424922,4.749422,1.015725,18-Oct-10
Cisplatin,CMK,acute_myeloid_leukaemia,blood,910566,1330508,3.792312,1.776321,7.666138,0.958315,10-Dec-12
Cisplatin,CHP-126,neuroblastoma,nervous_system,910567,1332440,1.876744,1.543724,2.462455,1.248263,5-Feb-13
Cisplatin,CGTH-W-1,thyroid,thyroid,910568,1227334,0.822192,0.530727,1.16514,1.091431,5-Jul-12
Cisplatin,MC-CAR,haematopoietic_neoplasm_other,blood,683665,1259095,6.084682,3.470682,10.207428,1.07019,28-Sep-12
Cisplatin,PFSK-1,medulloblastoma,nervous_system,683667,1227408,2.322735,1.701096,3.210573,0.612664,9-Jul-12
Cisplatin,A673,rhabdomyosarcoma,soft_tissue,684052,787665,0.775562,0.480152,1.063948,1.441616,10-Jun-10
Cisplatin,ES3,ewings_sarcoma,bone,684055,787601,-0.146882,-0.76544,0.407722,1.017844,17-Jun-10
Cisplatin,ES5,ewings_sarcoma,bone,684057,804441,1.199063,0.744031,1.704495,0.757356,20-Sep-10
Cisplatin,ES7,ewings_sarcoma,bone,684059,804445,0.628144,0.340382,0.852942,1.634357,28-Feb-11
Cisplatin,EW-11,ewings_sarcoma,bone,684062,804452,3.043455,1.205162,4.999988,0.775602,20-Sep-10
Cisplatin,NCI-H1395,lung_NSCLC_adenocarcinoma,lung,684681,771406,3.770087,2.566117,6.442549,0.87674,12-Jul-10
Cisplatin,COLO-829,melanoma,skin,687448,771249,1.735387,1.27013,2.365592,1.079342,17-May-10
Cisplatin,5637,Bladder,urogenital_system,687452,787555,1.508175,1.154463,1.890061,1.061886,26-Jul-10
Cisplatin,RT4,Bladder,urogenital_system,687455,1227307,3.314048,2.400638,4.982287,0.765724,16-Jul-12
Cisplatin,SW780,Bladder,urogenital_system,687457,771220,2.64099,2.133334,3.515806,0.971318,5-Jul-10
Cisplatin,TCCSUP,Bladder,urogenital_system,687459,787576,2.13993,1.511869,3.157922,1.033722,7-Jun-10
Cisplatin,C-33-A,cervix,urogenital_system,687505,1227304,1.305447,1.083654,1.602168,1.409439,10-May-12
Cisplatin,ME-180,cervix,urogenital_system,687514,1227394,0.81246,0.598912,1.021311,1.23543,6-Aug-12
Cisplatin,8-MG-BA,glioma,nervous_system,687562,787590,1.683443,1.429467,1.961465,1.054485,2-Aug-10
Cisplatin,A172,glioma,nervous_system,687563,785875,4.527532,2.633023,8.315282,0.899369,22-Apr-10
Cisplatin,GB-1,glioma,nervous_system,687568,787606,0.644436,0.281542,1.008826,1.182297,2-Aug-10
Cisplatin,T98G,glioma,nervous_system,687586,787575,4.947144,2.991196,8.994447,1.016977,2-Aug-10
Cisplatin,U-118-MG,glioma,nervous_system,687588,787578,2.820849,2.219364,3.946297,0.920444,26-Jul-10
Cisplatin,U-87-MG,glioma,nervous_system,687590,787582,2.784616,2.363755,3.609304,1.195428,6-Sep-10
Cisplatin,YKG-1,glioma,nervous_system,687592,787589,2.336412,1.529161,4.026218,1.103711,2-Aug-10
Cisplatin,ChaGo-K-1,lung_NSCLC_not_specified,lung,687596,771281,2.451125,1.744378,3.888626,1.037671,21-Jun-10
Cisplatin,NCI-H720,lung_NSCLC_carcinoid,lung,687600,1260999,5.206839,3.257587,8.990332,0.984621,2-Oct-12
Cisplatin,Calu-3,lung_NSCLC_adenocarcinoma,lung,687777,787588,6.366421,3.642324,11.135702,0.995319,6-Sep-10
Cisplatin,COR-L23,lung_NSCLC_large_cell,lung,687780,771296,1.728696,1.480866,1.998446,0.941621,8-Jul-10
Cisplatin,LK-2,lung_NSCLC_squamous_cell_carcinoma,lung,687787,804620,3.790957,2.653576,7.333987,1.14821,29-Nov-10
Cisplatin,NCI-H1437,lung_NSCLC_adenocarcinoma,lung,687794,1227401,3.209855,2.531629,4.369668,0.842055,9-Jul-12
Cisplatin,NCI-H1623,lung_NSCLC_adenocarcinoma,lung,687798,787707,3.848461,2.637813,7.594811,1.136907,16-Aug-10
Cisplatin,NCI-H1648,lung_NSCLC_adenocarcinoma,lung,687799,771408,4.244022,2.632911,7.577175,0.854668,13-May-10
Cisplatin,NCI-H1650,lung_NSCLC_adenocarcinoma,lung,687800,771409,2.943912,1.772918,5.973812,1.081953,14-Jun-10
Cisplatin,NCI-H1693,lung_NSCLC_adenocarcinoma,lung,687802,787708,4.804165,2.828777,8.669394,0.86769,10-Jun-10
Cisplatin,NCI-H1770,lung_NSCLC_not_specified,lung,687804,1329248,6.801738,4.085531,11.063868,1.028066,30-Nov-12
Cisplatin,NCI-H1838,lung_NSCLC_adenocarcinoma,lung,687807,771411,5.639381,3.215183,10.045555,1.000411,17-May-10
Cisplatin,NCI-H2126,lung_NSCLC_adenocarcinoma,lung,687814,771274,5.397902,3.078391,9.486494,0.978422,17-May-10
Cisplatin,NCI-H2170,lung_NSCLC_squamous_cell_carcinoma,lung,687815,771419,3.1356,2.019229,5.933039,0.978805,14-Jun-10
Cisplatin,NCI-H2228,lung_NSCLC_adenocarcinoma,lung,687816,787717,2.110074,1.626124,2.895033,0.987239,10-Jun-10
Cisplatin,NCI-H2342,lung_NSCLC_adenocarcinoma,lung,687819,787718,3.985426,2.746984,6.3383,0.792197,26-Jul-10
Cisplatin,NCI-H2347,lung_NSCLC_adenocarcinoma,lung,687820,804670,5.386718,3.237462,9.451708,0.945782,16-Dec-10
Cisplatin,NCI-H2405,lung_NSCLC_adenocarcinoma,lung,687821,804671,3.124426,2.455841,4.30454,0.947347,1-Nov-10
Cisplatin,NCI-H661,lung_NSCLC_large_cell,lung,687829,1227406,2.047711,1.727948,2.489447,1.081595,9-Jul-12
Cisplatin,DMS-114,lung_small_cell_carcinoma,lung,687983,1089442,2.972983,2.286655,4.333236,0.890755,1-Mar-12
Cisplatin,DMS-273,lung_small_cell_carcinoma,lung,687985,804526,2.272118,1.737748,3.140152,0.996845,13-Dec-10
Cisplatin,NCI-H1048,lung_small_cell_carcinoma,lung,687995,950636,2.289497,1.987979,2.845328,1.209402,9-May-11
Cisplatin,NCI-H1092,lung_small_cell_carcinoma,lung,687997,1330284,7.15045,4.372521,11.629947,1.066445,7-Dec-12
Cisplatin,NCI-H1694,lung_small_cell_carcinoma,lung,688006,1265255,4.413527,1.841204,9.237385,1.164491,9-Oct-12
Cisplatin,NCI-H187,lung_small_cell_carcinoma,lung,688007,1307029,3.499546,2.474543,7.261426,1.139127,26-Oct-12
Cisplatin,NCI-H1963,lung_small_cell_carcinoma,lung,688010,1308681,3.879784,2.886663,5.861931,1.02409,2-Nov-12
Cisplatin,NCI-H2029,lung_small_cell_carcinoma,lung,688011,787714,6.867624,4.16814,10.989037,1.044795,19-Jul-10
Cisplatin,NCI-H209,lung_small_cell_carcinoma,lung,688013,1016369,-0.621972,-1.124829,-0.150243,1.020864,10-Jun-11
Cisplatin,NCI-H2141,lung_small_cell_carcinoma,lung,688014,1266347,4.489856,3.083566,7.472276,1.027164,15-Oct-12
Cisplatin,NCI-H2227,lung_small_cell_carcinoma,lung,688018,1306805,2.545429,2.032875,3.712696,1.086226,26-Oct-12
Cisplatin,NCI-H345,lung_small_cell_carcinoma,lung,688021,1266459,5.362611,3.262581,9.163566,1.039411,15-Oct-12
Cisplatin,NCI-H446,lung_small_cell_carcinoma,lung,688023,1307925,5.035076,3.118657,8.981309,0.978103,26-Oct-12
Cisplatin,NCI-H526,lung_small_cell_carcinoma,lung,688025,1263323,1.593575,1.317766,2.038789,1.274281,8-Oct-12
Cisplatin,NCI-H69,lung_small_cell_carcinoma,lung,688027,1267019,5.090951,3.238325,8.995508,1.054828,15-Oct-12
Cisplatin,NCI-H82,lung_small_cell_carcinoma,lung,688031,1262343,1.451992,1.21823,1.694784,1.179046,2-Oct-12
Cisplatin,NCI-H2052,mesothelioma,lung,688058,950623,5.110637,3.009917,9.444762,1.010912,9-Jun-11
Cisplatin,SK-N-DZ,neuroblastoma,nervous_system,688086,950608,2.144139,1.195327,3.605459,0.849752,14-Apr-11
Cisplatin,SK-N-FI,neuroblastoma,nervous_system,688087,771211,5.746041,3.414117,9.953093,1.005154,12-Jul-10
Cisplatin,VA-ES-BJ,soft_tissue_other,soft_tissue,688121,1089431,0.897893,0.614403,1.199806,1.163286,8-Mar-12
Cisplatin,LU-139,lung_small_cell_carcinoma,lung,713878,1016343,4.560302,2.732648,8.502582,0.887265,31-May-11
Cisplatin,SBC-5,lung_small_cell_carcinoma,lung,713880,804366,4.249885,2.785067,7.838885,1.070445,25-Oct-10
Cisplatin,SBC-1,lung_small_cell_carcinoma,lung,713885,1255819,6.545797,3.898196,10.614944,1.039088,31-Aug-12
Cisplatin,LU-135,lung_small_cell_carcinoma,lung,713899,1261223,2.501227,2.124777,3.261819,1.24651,2-Oct-12
Cisplatin,NCI-H2030,lung_NSCLC_adenocarcinoma,lung,722045,771415,2.473521,1.676513,3.902326,1.029255,17-May-10
Cisplatin,NCI-H2122,lung_NSCLC_adenocarcinoma,lung,722046,771418,2.724928,1.918177,5.136393,1.191921,20-May-10
Cisplatin,NCI-H1734,lung_NSCLC_adenocarcinoma,lung,722058,1314921,1.943859,1.610441,2.915806,1.371172,28-Jan-13
Cisplatin,NCI-H650,lung_NSCLC_adenocarcinoma,lung,722066,804680,3.398646,2.083461,7.754509,1.14815,25-Oct-10
Cisplatin,T-24,Bladder,urogenital_system,724812,950610,1.715879,0.985919,2.766749,0.722582,16-Jun-11
Cisplatin,SK-N-AS,neuroblastoma,nervous_system,724828,1227315,2.263792,1.937865,2.660337,1.0705,5-Jul-12
Cisplatin,NCI-H1299,lung_NSCLC_large_cell,lung,724831,771405,3.287805,1.929717,8.262275,1.085646,14-Jun-10
Cisplatin,NCI-H2087,lung_NSCLC_adenocarcinoma,lung,724834,787716,2.677199,2.191779,3.890507,1.143411,2-Sep-10
Cisplatin,UM-UC-3,Bladder,urogenital_system,724838,771238,1.950995,1.30649,3.017898,0.968914,13-May-10
Cisplatin,SW756,cervix,urogenital_system,724839,1089397,2.22599,1.668541,3.636626,0.887203,26-Mar-12
Cisplatin,NCI-H727,lung_NSCLC_carcinoid,lung,724855,804681,6.538156,2.905179,11.163252,1.051363,4-Oct-10
Cisplatin,Calu-6,lung_NSCLC_adenocarcinoma,lung,724859,804426,4.328051,2.796715,7.808526,0.949398,25-Oct-10
Cisplatin,LU-65,lung_NSCLC_large_cell,lung,724863,1266795,5.809373,3.619801,10.0419,1.015237,15-Oct-12
Cisplatin,NCI-H1355,lung_NSCLC_adenocarcinoma,lung,724866,771271,1.891683,1.136223,3.011932,0.920953,27-May-10
Cisplatin,NCI-H1792,lung_NSCLC_adenocarcinoma,lung,724868,787709,2.702949,2.037005,4.964729,1.251473,9-Aug-10
Cisplatin,HPAF-II,pancreas,pancreas,724869,771336,4.739686,1.741172,9.617617,0.891056,14-Jun-10
Cisplatin,MIA-PaCa-2,pancreas,pancreas,724870,1227399,0.388891,-0.064246,0.809344,0.618379,5-Jul-12
Cisplatin,SHP-77,lung_small_cell_carcinoma,lung,724872,804373,6.399663,3.666103,10.820534,1.050932,4-Oct-10
Cisplatin,NCI-H2009,lung_NSCLC_adenocarcinoma,lung,724873,1227404,4.315739,3.049389,6.853261,0.898551,26-Jul-12
Cisplatin,NCI-H2291,lung_NSCLC_adenocarcinoma,lung,724874,804669,6.127042,3.71647,10.564938,0.991396,6-Dec-10
Cisplatin,SW1573,lung_NSCLC_adenocarcinoma,lung,724878,1089394,3.768804,2.861231,5.508067,0.914202,23-Feb-12
Cisplatin,SW900,lung_NSCLC_squamous_cell_carcinoma,lung,724879,771221,3.365004,2.175095,6.23536,1.009065,17-May-10
Cisplatin,TE-5,oesophagus,aero_digestive_tract,735784,804505,5.352655,2.171704,9.962796,1.012844,8-Nov-10
Cisplatin,HCC1954,breast,breast,749709,804552,5.365859,3.229259,9.378903,0.890493,1-Nov-10
Cisplatin,HCC1143,breast,breast,749710,1227412,3.912727,2.781114,6.103559,0.939827,16-Jul-12
Cisplatin,HCC1187,breast,breast,749711,1314305,4.763958,2.903632,8.140314,0.93376,7-Jan-13
Cisplatin,HCC1395,breast,breast,749712,1227369,2.539183,2.089376,3.741295,0.658939,9-Jul-12
Cisplatin,HCC1937,breast,breast,749714,1227370,5.342108,3.159615,9.538196,0.402136,5-Jul-12
Cisplatin,HCC2157,breast,breast,749715,1261111,3.688538,2.590968,5.856695,0.966936,2-Oct-12
Cisplatin,HCC2218,breast,breast,749716,1307365,6.234633,3.774358,10.352598,0.995265,26-Oct-12
Cisplatin,HCC38,breast,breast,749717,804554,4.905658,3.190932,8.341736,1.062475,16-Dec-10
Cisplatin,BB30-HNC,head_and_neck,aero_digestive_tract,753531,1227330,1.716993,1.479121,1.983012,1.272814,25-Jun-12
Cisplatin,BB49-HNC,head_and_neck,aero_digestive_tract,753532,804424,3.875242,2.881448,5.84471,1.010078,22-Nov-10
Cisplatin,BB65-RCC,kidney,kidney,753533,771248,1.038374,0.544212,1.529872,1.012244,28-Jun-10
Cisplatin,BEN,lung_NSCLC_not_specified,lung,753534,787702,2.321268,1.522157,3.852418,0.971503,10-Jun-10
Cisplatin,BHY,head_and_neck,aero_digestive_tract,753535,771407,3.897088,1.821151,9.088825,1.139073,24-May-10
Cisplatin,BOKU,cervix,urogenital_system,753536,1227332,2.098431,1.528771,3.520327,0.831225,6-Aug-12
Cisplatin,Ca9-22,head_and_neck,aero_digestive_tract,753538,804380,2.341027,1.750469,4.275466,1.281136,30-Sep-10
Cisplatin,CAL-12T,lung_NSCLC_not_specified,lung,753540,950609,6.43748,3.867155,10.461055,1.03284,9-May-11
Cisplatin,CAL-33,head_and_neck,aero_digestive_tract,753541,1227322,1.987891,1.490323,3.444281,1.156992,25-Jun-12
Cisplatin,CP50-MEL-B,melanoma,skin,753545,804429,4.737111,3.02162,8.242623,0.878532,4-Apr-11
Cisplatin,CP66-MEL,melanoma,skin,753546,1227335,4.990335,2.922797,8.098937,0.539355,30-Jul-12
Cisplatin,CPC-N,lung_small_cell_carcinoma,lung,753547,1258059,3.543486,2.463246,5.661912,0.749901,21-Sep-12
Cisplatin,CTV-1,acute_myeloid_leukaemia,blood,753548,1257863,1.616408,1.4096,1.987607,1.703295,21-Sep-12
Cisplatin,D-542MG,glioma,nervous_system,753549,1314081,3.366132,2.530396,5.23381,1.046371,7-Jan-13
Cisplatin,DMS-79,lung_small_cell_carcinoma,lung,753551,1260887,2.647392,2.264642,3.425622,1.275325,2-Oct-12
Cisplatin,DSH1,Bladder,urogenital_system,753552,787600,4.973727,3.07203,8.855226,1.0617,6-Sep-10
Cisplatin,EC-GI-10,oesophagus,aero_digestive_tract,753555,804435,2.581289,2.03447,4.121843,1.214017,30-Sep-10
Cisplatin,EPLC-272H,lung_NSCLC_squamous_cell_carcinoma,lung,753556,804530,2.568121,2.219912,3.273359,1.191027,8-Nov-10
Cisplatin,HCE-4,oesophagus,aero_digestive_tract,753559,771257,2.235912,1.490556,3.645673,1.029302,1-Jul-10
Cisplatin,HSC-2,head_and_neck,aero_digestive_tract,753562,950630,4.857346,2.492796,9.962525,1.156729,9-May-11
Cisplatin,IM-9,Myeloma,blood,753563,1331600,3.428321,2.324347,7.695798,0.941385,22-Jan-13
Cisplatin,IST-SL1,lung_small_cell_carcinoma,lung,753564,787610,4.257404,2.915405,6.634699,1.020845,9-Aug-10
